,author,date,favorite,thumb,title,title_href
0,小Q聊产品,2017/07/06,23,5,区块链技术的渗透，是否能助推传统教育转型？,http://www.woshipm.com/blockchain/709818.html
1,蓝狐笔记,2017/05/04,20,7,区块链前景是光明的，但它的春天不会很快到来,http://www.woshipm.com/blockchain/652570.html
2,Anne,2017/04/25,42,7,腾讯区块链方案白皮书：底层技术平台及五大场景解决方案,http://www.woshipm.com/blockchain/645604.html
3,蓝狐笔记,2016/10/20,66,11,区块链社交，会颠覆现有社交网络吗?,http://www.woshipm.com/blockchain/431977.html
4,蓝狐笔记,2016/10/18,42,15,“无中介”驱动的世界：一篇文章看懂区块链及行业现状,http://www.woshipm.com/blockchain/429512.html
5,人人都是产品经理,2016/10/17,64,10,区块链其实是比特币背后的技术,http://www.woshipm.com/blockchain/421888.html
6,亿欧网,2016/09/06,77,11,拼了，用潜规则告诉你区块链是啥,http://www.woshipm.com/blockchain/409833.html
7,雷锋网,2016/09/02,33,1,区块链：谁会是最大的赢家与输家？,http://www.woshipm.com/blockchain/407565.html
8,清风徐来028,2016/01/29,109,20,区块链，2016年互联网金融唯一的风口？,http://www.woshipm.com/blockchain/276726.html
9,小Q聊产品,2017/07/06,23,5,区块链技术的渗透，是否能助推传统教育转型？,http://www.woshipm.com/blockchain/709818.html
10,蓝狐笔记,2017/05/04,20,7,区块链前景是光明的，但它的春天不会很快到来,http://www.woshipm.com/blockchain/652570.html
11,Anne,2017/04/25,42,7,腾讯区块链方案白皮书：底层技术平台及五大场景解决方案,http://www.woshipm.com/blockchain/645604.html
12,蓝狐笔记,2016/10/20,66,11,区块链社交，会颠覆现有社交网络吗?,http://www.woshipm.com/blockchain/431977.html
13,蓝狐笔记,2016/10/18,42,15,“无中介”驱动的世界：一篇文章看懂区块链及行业现状,http://www.woshipm.com/blockchain/429512.html
14,人人都是产品经理,2016/10/17,64,10,区块链其实是比特币背后的技术,http://www.woshipm.com/blockchain/421888.html
15,亿欧网,2016/09/06,77,11,拼了，用潜规则告诉你区块链是啥,http://www.woshipm.com/blockchain/409833.html
16,雷锋网,2016/09/02,33,1,区块链：谁会是最大的赢家与输家？,http://www.woshipm.com/blockchain/407565.html
17,清风徐来028,2016/01/29,109,20,区块链，2016年互联网金融唯一的风口？,http://www.woshipm.com/blockchain/276726.html
18,小Q聊产品,2017/07/06,23,5,区块链技术的渗透，是否能助推传统教育转型？,http://www.woshipm.com/blockchain/709818.html
19,蓝狐笔记,2017/05/04,20,7,区块链前景是光明的，但它的春天不会很快到来,http://www.woshipm.com/blockchain/652570.html
20,Anne,2017/04/25,42,7,腾讯区块链方案白皮书：底层技术平台及五大场景解决方案,http://www.woshipm.com/blockchain/645604.html
21,蓝狐笔记,2016/10/20,66,11,区块链社交，会颠覆现有社交网络吗?,http://www.woshipm.com/blockchain/431977.html
22,蓝狐笔记,2016/10/18,42,15,“无中介”驱动的世界：一篇文章看懂区块链及行业现状,http://www.woshipm.com/blockchain/429512.html
23,人人都是产品经理,2016/10/17,64,10,区块链其实是比特币背后的技术,http://www.woshipm.com/blockchain/421888.html
24,亿欧网,2016/09/06,77,11,拼了，用潜规则告诉你区块链是啥,http://www.woshipm.com/blockchain/409833.html
25,雷锋网,2016/09/02,33,1,区块链：谁会是最大的赢家与输家？,http://www.woshipm.com/blockchain/407565.html
26,清风徐来028,2016/01/29,109,20,区块链，2016年互联网金融唯一的风口？,http://www.woshipm.com/blockchain/276726.html
27,小Q聊产品,2017/07/06,23,5,区块链技术的渗透，是否能助推传统教育转型？,http://www.woshipm.com/blockchain/709818.html
28,蓝狐笔记,2017/05/04,20,7,区块链前景是光明的，但它的春天不会很快到来,http://www.woshipm.com/blockchain/652570.html
29,Anne,2017/04/25,42,7,腾讯区块链方案白皮书：底层技术平台及五大场景解决方案,http://www.woshipm.com/blockchain/645604.html
30,蓝狐笔记,2016/10/20,66,11,区块链社交，会颠覆现有社交网络吗?,http://www.woshipm.com/blockchain/431977.html
31,蓝狐笔记,2016/10/18,42,15,“无中介”驱动的世界：一篇文章看懂区块链及行业现状,http://www.woshipm.com/blockchain/429512.html
32,人人都是产品经理,2016/10/17,64,10,区块链其实是比特币背后的技术,http://www.woshipm.com/blockchain/421888.html
33,亿欧网,2016/09/06,77,11,拼了，用潜规则告诉你区块链是啥,http://www.woshipm.com/blockchain/409833.html
34,雷锋网,2016/09/02,33,1,区块链：谁会是最大的赢家与输家？,http://www.woshipm.com/blockchain/407565.html
35,清风徐来028,2016/01/29,109,20,区块链，2016年互联网金融唯一的风口？,http://www.woshipm.com/blockchain/276726.html
36,小Q聊产品,2017/07/06,23,5,区块链技术的渗透，是否能助推传统教育转型？,http://www.woshipm.com/blockchain/709818.html
37,蓝狐笔记,2017/05/04,20,7,区块链前景是光明的，但它的春天不会很快到来,http://www.woshipm.com/blockchain/652570.html
38,Anne,2017/04/25,42,7,腾讯区块链方案白皮书：底层技术平台及五大场景解决方案,http://www.woshipm.com/blockchain/645604.html
39,蓝狐笔记,2016/10/20,66,11,区块链社交，会颠覆现有社交网络吗?,http://www.woshipm.com/blockchain/431977.html
40,蓝狐笔记,2016/10/18,42,15,“无中介”驱动的世界：一篇文章看懂区块链及行业现状,http://www.woshipm.com/blockchain/429512.html
41,人人都是产品经理,2016/10/17,64,10,区块链其实是比特币背后的技术,http://www.woshipm.com/blockchain/421888.html
42,亿欧网,2016/09/06,77,11,拼了，用潜规则告诉你区块链是啥,http://www.woshipm.com/blockchain/409833.html
43,雷锋网,2016/09/02,33,1,区块链：谁会是最大的赢家与输家？,http://www.woshipm.com/blockchain/407565.html
44,清风徐来028,2016/01/29,109,20,区块链，2016年互联网金融唯一的风口？,http://www.woshipm.com/blockchain/276726.html
45,小Q聊产品,2017/07/06,23,5,区块链技术的渗透，是否能助推传统教育转型？,http://www.woshipm.com/blockchain/709818.html
46,蓝狐笔记,2017/05/04,20,7,区块链前景是光明的，但它的春天不会很快到来,http://www.woshipm.com/blockchain/652570.html
47,Anne,2017/04/25,42,7,腾讯区块链方案白皮书：底层技术平台及五大场景解决方案,http://www.woshipm.com/blockchain/645604.html
48,蓝狐笔记,2016/10/20,66,11,区块链社交，会颠覆现有社交网络吗?,http://www.woshipm.com/blockchain/431977.html
49,蓝狐笔记,2016/10/18,42,15,“无中介”驱动的世界：一篇文章看懂区块链及行业现状,http://www.woshipm.com/blockchain/429512.html
50,人人都是产品经理,2016/10/17,64,10,区块链其实是比特币背后的技术,http://www.woshipm.com/blockchain/421888.html
51,亿欧网,2016/09/06,77,11,拼了，用潜规则告诉你区块链是啥,http://www.woshipm.com/blockchain/409833.html
52,雷锋网,2016/09/02,33,1,区块链：谁会是最大的赢家与输家？,http://www.woshipm.com/blockchain/407565.html
53,清风徐来028,2016/01/29,109,20,区块链，2016年互联网金融唯一的风口？,http://www.woshipm.com/blockchain/276726.html
54,小Q聊产品,2017/07/06,23,5,区块链技术的渗透，是否能助推传统教育转型？,http://www.woshipm.com/blockchain/709818.html
55,蓝狐笔记,2017/05/04,20,7,区块链前景是光明的，但它的春天不会很快到来,http://www.woshipm.com/blockchain/652570.html
56,Anne,2017/04/25,42,7,腾讯区块链方案白皮书：底层技术平台及五大场景解决方案,http://www.woshipm.com/blockchain/645604.html
57,蓝狐笔记,2016/10/20,66,11,区块链社交，会颠覆现有社交网络吗?,http://www.woshipm.com/blockchain/431977.html
58,蓝狐笔记,2016/10/18,42,15,“无中介”驱动的世界：一篇文章看懂区块链及行业现状,http://www.woshipm.com/blockchain/429512.html
59,人人都是产品经理,2016/10/17,64,10,区块链其实是比特币背后的技术,http://www.woshipm.com/blockchain/421888.html
60,亿欧网,2016/09/06,77,11,拼了，用潜规则告诉你区块链是啥,http://www.woshipm.com/blockchain/409833.html
61,雷锋网,2016/09/02,33,1,区块链：谁会是最大的赢家与输家？,http://www.woshipm.com/blockchain/407565.html
62,清风徐来028,2016/01/29,109,20,区块链，2016年互联网金融唯一的风口？,http://www.woshipm.com/blockchain/276726.html
63,小Q聊产品,2017/07/06,23,5,区块链技术的渗透，是否能助推传统教育转型？,http://www.woshipm.com/blockchain/709818.html
64,蓝狐笔记,2017/05/04,20,7,区块链前景是光明的，但它的春天不会很快到来,http://www.woshipm.com/blockchain/652570.html
65,Anne,2017/04/25,42,7,腾讯区块链方案白皮书：底层技术平台及五大场景解决方案,http://www.woshipm.com/blockchain/645604.html
66,蓝狐笔记,2016/10/20,66,11,区块链社交，会颠覆现有社交网络吗?,http://www.woshipm.com/blockchain/431977.html
67,蓝狐笔记,2016/10/18,42,15,“无中介”驱动的世界：一篇文章看懂区块链及行业现状,http://www.woshipm.com/blockchain/429512.html
68,人人都是产品经理,2016/10/17,64,10,区块链其实是比特币背后的技术,http://www.woshipm.com/blockchain/421888.html
69,亿欧网,2016/09/06,77,11,拼了，用潜规则告诉你区块链是啥,http://www.woshipm.com/blockchain/409833.html
70,雷锋网,2016/09/02,33,1,区块链：谁会是最大的赢家与输家？,http://www.woshipm.com/blockchain/407565.html
71,清风徐来028,2016/01/29,109,20,区块链，2016年互联网金融唯一的风口？,http://www.woshipm.com/blockchain/276726.html
72,小Q聊产品,2017/07/06,23,5,区块链技术的渗透，是否能助推传统教育转型？,http://www.woshipm.com/blockchain/709818.html
73,蓝狐笔记,2017/05/04,20,7,区块链前景是光明的，但它的春天不会很快到来,http://www.woshipm.com/blockchain/652570.html
74,Anne,2017/04/25,42,7,腾讯区块链方案白皮书：底层技术平台及五大场景解决方案,http://www.woshipm.com/blockchain/645604.html
75,蓝狐笔记,2016/10/20,66,11,区块链社交，会颠覆现有社交网络吗?,http://www.woshipm.com/blockchain/431977.html
76,蓝狐笔记,2016/10/18,42,15,“无中介”驱动的世界：一篇文章看懂区块链及行业现状,http://www.woshipm.com/blockchain/429512.html
77,人人都是产品经理,2016/10/17,64,10,区块链其实是比特币背后的技术,http://www.woshipm.com/blockchain/421888.html
78,亿欧网,2016/09/06,77,11,拼了，用潜规则告诉你区块链是啥,http://www.woshipm.com/blockchain/409833.html
79,雷锋网,2016/09/02,33,1,区块链：谁会是最大的赢家与输家？,http://www.woshipm.com/blockchain/407565.html
80,清风徐来028,2016/01/29,109,20,区块链，2016年互联网金融唯一的风口？,http://www.woshipm.com/blockchain/276726.html
81,小Q聊产品,2017/07/06,23,5,区块链技术的渗透，是否能助推传统教育转型？,http://www.woshipm.com/blockchain/709818.html
82,蓝狐笔记,2017/05/04,20,7,区块链前景是光明的，但它的春天不会很快到来,http://www.woshipm.com/blockchain/652570.html
83,Anne,2017/04/25,42,7,腾讯区块链方案白皮书：底层技术平台及五大场景解决方案,http://www.woshipm.com/blockchain/645604.html
84,蓝狐笔记,2016/10/20,66,11,区块链社交，会颠覆现有社交网络吗?,http://www.woshipm.com/blockchain/431977.html
85,蓝狐笔记,2016/10/18,42,15,“无中介”驱动的世界：一篇文章看懂区块链及行业现状,http://www.woshipm.com/blockchain/429512.html
86,人人都是产品经理,2016/10/17,64,10,区块链其实是比特币背后的技术,http://www.woshipm.com/blockchain/421888.html
87,亿欧网,2016/09/06,77,11,拼了，用潜规则告诉你区块链是啥,http://www.woshipm.com/blockchain/409833.html
88,雷锋网,2016/09/02,33,1,区块链：谁会是最大的赢家与输家？,http://www.woshipm.com/blockchain/407565.html
89,清风徐来028,2016/01/29,109,20,区块链，2016年互联网金融唯一的风口？,http://www.woshipm.com/blockchain/276726.html
90,小Q聊产品,2017/07/06,23,5,区块链技术的渗透，是否能助推传统教育转型？,http://www.woshipm.com/blockchain/709818.html
91,蓝狐笔记,2017/05/04,20,7,区块链前景是光明的，但它的春天不会很快到来,http://www.woshipm.com/blockchain/652570.html
92,Anne,2017/04/25,42,7,腾讯区块链方案白皮书：底层技术平台及五大场景解决方案,http://www.woshipm.com/blockchain/645604.html
93,蓝狐笔记,2016/10/20,66,11,区块链社交，会颠覆现有社交网络吗?,http://www.woshipm.com/blockchain/431977.html
94,蓝狐笔记,2016/10/18,42,15,“无中介”驱动的世界：一篇文章看懂区块链及行业现状,http://www.woshipm.com/blockchain/429512.html
95,人人都是产品经理,2016/10/17,64,10,区块链其实是比特币背后的技术,http://www.woshipm.com/blockchain/421888.html
96,亿欧网,2016/09/06,77,11,拼了，用潜规则告诉你区块链是啥,http://www.woshipm.com/blockchain/409833.html
97,雷锋网,2016/09/02,33,1,区块链：谁会是最大的赢家与输家？,http://www.woshipm.com/blockchain/407565.html
98,清风徐来028,2016/01/29,109,20,区块链，2016年互联网金融唯一的风口？,http://www.woshipm.com/blockchain/276726.html
99,小Q聊产品,2017/07/06,23,5,区块链技术的渗透，是否能助推传统教育转型？,http://www.woshipm.com/blockchain/709818.html
100,蓝狐笔记,2017/05/04,20,7,区块链前景是光明的，但它的春天不会很快到来,http://www.woshipm.com/blockchain/652570.html
101,Anne,2017/04/25,42,7,腾讯区块链方案白皮书：底层技术平台及五大场景解决方案,http://www.woshipm.com/blockchain/645604.html
102,蓝狐笔记,2016/10/20,66,11,区块链社交，会颠覆现有社交网络吗?,http://www.woshipm.com/blockchain/431977.html
103,蓝狐笔记,2016/10/18,42,15,“无中介”驱动的世界：一篇文章看懂区块链及行业现状,http://www.woshipm.com/blockchain/429512.html
104,人人都是产品经理,2016/10/17,64,10,区块链其实是比特币背后的技术,http://www.woshipm.com/blockchain/421888.html
105,亿欧网,2016/09/06,77,11,拼了，用潜规则告诉你区块链是啥,http://www.woshipm.com/blockchain/409833.html
106,雷锋网,2016/09/02,33,1,区块链：谁会是最大的赢家与输家？,http://www.woshipm.com/blockchain/407565.html
107,清风徐来028,2016/01/29,109,20,区块链，2016年互联网金融唯一的风口？,http://www.woshipm.com/blockchain/276726.html
108,小Q聊产品,2017/07/06,23,5,区块链技术的渗透，是否能助推传统教育转型？,http://www.woshipm.com/blockchain/709818.html
109,蓝狐笔记,2017/05/04,20,7,区块链前景是光明的，但它的春天不会很快到来,http://www.woshipm.com/blockchain/652570.html
110,Anne,2017/04/25,42,7,腾讯区块链方案白皮书：底层技术平台及五大场景解决方案,http://www.woshipm.com/blockchain/645604.html
111,蓝狐笔记,2016/10/20,66,11,区块链社交，会颠覆现有社交网络吗?,http://www.woshipm.com/blockchain/431977.html
112,蓝狐笔记,2016/10/18,42,15,“无中介”驱动的世界：一篇文章看懂区块链及行业现状,http://www.woshipm.com/blockchain/429512.html
113,人人都是产品经理,2016/10/17,64,10,区块链其实是比特币背后的技术,http://www.woshipm.com/blockchain/421888.html
114,亿欧网,2016/09/06,77,11,拼了，用潜规则告诉你区块链是啥,http://www.woshipm.com/blockchain/409833.html
115,雷锋网,2016/09/02,33,1,区块链：谁会是最大的赢家与输家？,http://www.woshipm.com/blockchain/407565.html
116,清风徐来028,2016/01/29,109,20,区块链，2016年互联网金融唯一的风口？,http://www.woshipm.com/blockchain/276726.html
117,小Q聊产品,2017/07/06,23,5,区块链技术的渗透，是否能助推传统教育转型？,http://www.woshipm.com/blockchain/709818.html
118,蓝狐笔记,2017/05/04,20,7,区块链前景是光明的，但它的春天不会很快到来,http://www.woshipm.com/blockchain/652570.html
119,Anne,2017/04/25,42,7,腾讯区块链方案白皮书：底层技术平台及五大场景解决方案,http://www.woshipm.com/blockchain/645604.html
120,蓝狐笔记,2016/10/20,66,11,区块链社交，会颠覆现有社交网络吗?,http://www.woshipm.com/blockchain/431977.html
121,蓝狐笔记,2016/10/18,42,15,“无中介”驱动的世界：一篇文章看懂区块链及行业现状,http://www.woshipm.com/blockchain/429512.html
122,人人都是产品经理,2016/10/17,64,10,区块链其实是比特币背后的技术,http://www.woshipm.com/blockchain/421888.html
123,亿欧网,2016/09/06,77,11,拼了，用潜规则告诉你区块链是啥,http://www.woshipm.com/blockchain/409833.html
124,雷锋网,2016/09/02,33,1,区块链：谁会是最大的赢家与输家？,http://www.woshipm.com/blockchain/407565.html
125,清风徐来028,2016/01/29,109,20,区块链，2016年互联网金融唯一的风口？,http://www.woshipm.com/blockchain/276726.html
126,小Q聊产品,2017/07/06,23,5,区块链技术的渗透，是否能助推传统教育转型？,http://www.woshipm.com/blockchain/709818.html
127,蓝狐笔记,2017/05/04,20,7,区块链前景是光明的，但它的春天不会很快到来,http://www.woshipm.com/blockchain/652570.html
128,Anne,2017/04/25,42,7,腾讯区块链方案白皮书：底层技术平台及五大场景解决方案,http://www.woshipm.com/blockchain/645604.html
129,蓝狐笔记,2016/10/20,66,11,区块链社交，会颠覆现有社交网络吗?,http://www.woshipm.com/blockchain/431977.html
130,蓝狐笔记,2016/10/18,42,15,“无中介”驱动的世界：一篇文章看懂区块链及行业现状,http://www.woshipm.com/blockchain/429512.html
131,人人都是产品经理,2016/10/17,64,10,区块链其实是比特币背后的技术,http://www.woshipm.com/blockchain/421888.html
132,亿欧网,2016/09/06,77,11,拼了，用潜规则告诉你区块链是啥,http://www.woshipm.com/blockchain/409833.html
133,雷锋网,2016/09/02,33,1,区块链：谁会是最大的赢家与输家？,http://www.woshipm.com/blockchain/407565.html
134,清风徐来028,2016/01/29,109,20,区块链，2016年互联网金融唯一的风口？,http://www.woshipm.com/blockchain/276726.html
135,小Q聊产品,2017/07/06,23,5,区块链技术的渗透，是否能助推传统教育转型？,http://www.woshipm.com/blockchain/709818.html
136,蓝狐笔记,2017/05/04,20,7,区块链前景是光明的，但它的春天不会很快到来,http://www.woshipm.com/blockchain/652570.html
137,Anne,2017/04/25,42,7,腾讯区块链方案白皮书：底层技术平台及五大场景解决方案,http://www.woshipm.com/blockchain/645604.html
138,蓝狐笔记,2016/10/20,66,11,区块链社交，会颠覆现有社交网络吗?,http://www.woshipm.com/blockchain/431977.html
139,蓝狐笔记,2016/10/18,42,15,“无中介”驱动的世界：一篇文章看懂区块链及行业现状,http://www.woshipm.com/blockchain/429512.html
140,人人都是产品经理,2016/10/17,64,10,区块链其实是比特币背后的技术,http://www.woshipm.com/blockchain/421888.html
141,亿欧网,2016/09/06,77,11,拼了，用潜规则告诉你区块链是啥,http://www.woshipm.com/blockchain/409833.html
142,雷锋网,2016/09/02,33,1,区块链：谁会是最大的赢家与输家？,http://www.woshipm.com/blockchain/407565.html
143,清风徐来028,2016/01/29,109,20,区块链，2016年互联网金融唯一的风口？,http://www.woshipm.com/blockchain/276726.html
144,小Q聊产品,2017/07/06,23,5,区块链技术的渗透，是否能助推传统教育转型？,http://www.woshipm.com/blockchain/709818.html
145,蓝狐笔记,2017/05/04,20,7,区块链前景是光明的，但它的春天不会很快到来,http://www.woshipm.com/blockchain/652570.html
146,Anne,2017/04/25,42,7,腾讯区块链方案白皮书：底层技术平台及五大场景解决方案,http://www.woshipm.com/blockchain/645604.html
147,蓝狐笔记,2016/10/20,66,11,区块链社交，会颠覆现有社交网络吗?,http://www.woshipm.com/blockchain/431977.html
148,蓝狐笔记,2016/10/18,42,15,“无中介”驱动的世界：一篇文章看懂区块链及行业现状,http://www.woshipm.com/blockchain/429512.html
149,人人都是产品经理,2016/10/17,64,10,区块链其实是比特币背后的技术,http://www.woshipm.com/blockchain/421888.html
150,亿欧网,2016/09/06,77,11,拼了，用潜规则告诉你区块链是啥,http://www.woshipm.com/blockchain/409833.html
151,雷锋网,2016/09/02,33,1,区块链：谁会是最大的赢家与输家？,http://www.woshipm.com/blockchain/407565.html
152,清风徐来028,2016/01/29,109,20,区块链，2016年互联网金融唯一的风口？,http://www.woshipm.com/blockchain/276726.html
